id,email
1,vif@wonsigi.mg
2,ulapakkoz@vaum.io
3,ficsa@uffawce.ps
4,ikcupa@ga.su
5,so@kumbojip.eg
6,japjinil@roaloli.li
7,vadguw@ra.vc
8,hij@osajafso.ky
9,to@gefeod.sj
10,aje@ha.be
11,bivdi@pep.re
12,muj@uwje.kh
13,icni@gib.zm
14,helidmaj@tujoj.bi
15,zo@lilpibve.pw
16,gec@wapa.gb
17,anora@jo.mt
18,tajlada@lukutmoc.es
19,iweduf@lubumo.bq
20,zone@suhesem.mu
21,zawrap@na.lc
22,kajzop@zuil.bs
23,zob@jelzog.gm
24,juj@puscomu.ck
25,lekomofur@ihucfu.ge
26,sutesru@rac.qa
27,odrac@zabok.mc
28,cu@za.er
29,afo@rotadi.ca
30,jezmot@odijikdo.cz
31,tuwfeg@sous.ax
32,utja@dic.ae
33,ril@dawum.iq
34,fot@fomoncig.pt
35,han@zufmumi.eu
36,ih@dikvokov.ae
37,sezicega@pucpuapu.gf
38,rez@hulokebe.ir
39,weho@gekozim.so
40,zodni@buju.nr
41,joza@tedapoev.dk
42,acucu@eza.aw
43,lumrolo@bajkodu.pf
44,feec@ra.sv
45,puredet@senbefup.pf
46,nagke@imatunil.at
47,se@cipzatsuw.sx
48,woci@ikwemgi.ws
49,viz@sunmad.pa
50,rijpama@masfaw.my
51,facjonak@zin.se
52,ligbomi@zona.ve
53,utekeove@iwenicrev.cy
54,vivujehu@ganifewan.mz
55,wil@vohjuzvu.cr
56,ajo@ja.us
57,mowufzop@gehsi.nf
58,kerdufom@wu.ax
59,nafieme@teg.lr
60,me@ricli.pt
61,baugeit@ra.bw
62,sa@monej.fi
63,nibigco@asoiktud.st
64,jojsi@nijafhu.co
65,bujene@va.tz
66,niktag@izuwo.gov
67,owised@vi.nz
68,wiv@nu.edu
69,vac@assuedo.ne
70,ow@isto.cc
71,gukoha@ago.se
72,vev@aviloz.ec
73,wuwi@bahal.bz
74,fubo@ep.tw
75,ruj@ijjafe.gn
76,udeme@digiweb.lv
77,vemsi@liipu.zw
78,zigom@mehu.pr
79,divow@ragu.gh
80,vicemde@jebifho.cm
81,fi@fi.il
82,ma@dejhapa.nr
83,va@jubolu.as
84,kanagpos@geb.mc
85,ebvopu@jihkemwo.bj
86,lar@mirimhez.tt
87,ostezeho@puwwa.gq
88,ij@hoonajel.aw
89,iscizja@ko.my
90,zo@rir.mx
91,riw@kocidpag.si
92,ceugaj@emo.gt
93,me@eskihuj.gt
94,geb@manu.ro
95,emveda@ikoziema.lr
96,vuutehi@sirde.uz
97,nuho@ivekofiv.sc
98,hin@huveg.rw
99,faazbe@si.lb
100,huvun@zemsiv.rs
101,wo@zepub.sz
102,dozabos@now.no
103,pinvaz@dibupeb.aw
104,sabetuset@dotag.cw
105,vev@gerakfil.uk
106,pe@ujetus.net
107,gonga@daka.io
108,edoubhop@ede.hn
109,cadde@wi.th
110,cupseha@ruite.fi
111,dut@revkul.gr
112,ehsesme@guripzo.tv
113,ehpa@sesis.am
114,elzu@asba.af
115,isdahepu@waanazo.sj
116,kijas@wo.kw
117,pemoje@lo.pt
118,tajucu@siem.nz
119,ih@ejonurleg.pn
120,niahebo@tuagdi.af
121,jetpab@copbuuc.edu
122,vud@behlage.in
123,buwruchun@oboho.cl
124,fenefam@bufala.dz
125,zazhahkaj@buromrid.bq
126,rumka@eri.st
127,ojiwum@kusobifaf.eh
128,usi@vo.co
129,fiolsin@jib.bq
130,vuw@mihid.be
131,ru@sete.sb
132,ikpubor@ohozar.lc
133,ovuiwowu@hav.cd
134,uhlotew@ibuze.cn
135,fom@rudilca.sl
136,uwoeslov@biz.ir
137,le@caviztot.zm
138,gifomvud@dani.to
139,gej@vor.km
140,agnatsu@dihacgoh.zm
141,ubwa@vowiw.gi
142,na@za.tw
143,nebcezi@si.cr
144,kebaleis@dop.tg
145,wijolenu@ha.ac
146,kug@isu.er
147,honfighej@inu.rs
148,vodzof@ni.to
149,gegvuku@dudpape.rs
150,zo@gauzo.aq
151,mogrus@imda.ir
152,cefmohut@fu.vn
153,caszogdad@jisa.lt
154,bicriez@ruzkisuv.tm
155,milo@bodu.gb
156,sufmasra@vip.pt
157,numenu@raot.tt
158,edo@ritkoti.sa
159,oppulgi@ika.at
160,liggular@fut.pk
161,tehumgo@paene.mp
162,ci@co.nf
163,vuge@cukzilro.cu
164,hevod@fovo.gb
165,kufuenu@vasa.nz
166,da@fe.bt
167,fahlaj@vijanu.gr
168,gat@ewi.net
169,kemsi@es.il
170,oh@dam.tr
171,uvu@wawfugi.ec
172,akebiofu@cenrudvaw.af
173,fa@juj.dj
174,masaaho@emumebaje.tn
175,iwe@ajjeiv.sd
176,boho@ebciriv.je
177,revap@dekekhu.mt
178,gigka@jowen.lu
179,hu@rigki.mg
180,rij@dohkeptig.hn
181,if@comjafges.pk
182,beheg@pijvun.ws
183,jajofa@hapjaso.cd
184,eb@se.ba
185,ik@cuozlum.mw
186,de@juit.sy
187,gublijof@disul.lc
188,sagicoh@pa.yt
189,hebose@pu.me
190,roozuhu@rezjijzuh.tn
191,risme@kefjetu.cm
192,veso@efu.gy
193,ozakeg@mitiru.pn
194,fu@vovdavcof.mv
195,mo@wenugu.sj
196,fahi@banfiwik.ax
197,cow@onewalhif.bq
198,eg@umanocik.jp
199,gawasgu@pokoda.sv
200,lehemehe@pe.ac
201,babbuaku@nur.td
202,piil@cu.sb
203,diwi@ci.is
204,hi@sa.py
205,palmunpe@miwved.dz
206,zo@guwele.my
207,vawola@leihuz.cr
208,fu@betek.il
209,zod@cezu.net
210,jeegdel@famassut.uk
211,lofdonila@mondo.cz
212,muha@gegub.ky
213,dacub@reava.nc
214,notpu@wef.sj
215,hu@nimohag.ss
216,it@fib.fi
217,raltopu@dimmi.bz
218,isigo@lecuzna.gp
219,nuflu@cuctolu.do
220,jo@cinar.br
221,amenil@vukofaid.cu
222,ojdog@dot.nr
223,holma@tow.lk
224,ponmamo@hosofu.sg
225,bid@kulhelo.cv
226,ubguud@ne.sy
227,adoiv@ton.gy
228,gigbectu@bif.pf
229,fadak@keta.gm
230,setzava@gipoj.sl
231,wi@kuzpa.ke
232,hule@sak.hk
233,nu@jujra.lk
234,suzi@daz.es
235,hief@naguzdo.mg
236,pik@hipnaic.am
237,eteja@mot.ax
238,kejna@lefmu.vc
239,ras@seseccu.si
240,mishaob@rifmupod.lc
241,vopurluc@umije.bv
242,rikmimen@dusanmu.tw
243,tipfuutu@iroope.er
244,zigpi@ajiwi.uk
245,jile@monrawfaz.ao
246,dowidav@kis.yt
247,on@gisibuv.it
248,wolus@guswozbol.sx
249,wi@ipo.pm
250,alkoma@corucgeh.km
251,disivaw@gitcecu.hr
252,limvurbe@ruw.er
253,oh@cogguflor.ag
254,fof@bob.jo
255,nebwugtiz@berlirsat.gl
256,ownokef@wiju.li
257,cohdah@lu.hk
258,zihpav@rozige.gm
259,de@oc.an
260,fafi@virfesuk.bn
261,as@sowazun.ht
262,dovlo@nugintus.be
263,sovomi@vab.ug
264,wicga@acote.ps
265,vijug@ce.hm
266,demze@samujoki.br
267,ginutik@vuef.hr
268,jeutefu@afuw.pk
269,cod@bo.mr
270,amnozum@ga.im
271,ifimef@eriwi.bi
272,zupef@zelzoko.nu
273,celab@kota.gt
274,zusabih@ge.bh
275,web@liv.gy
276,rimedhof@hag.in
277,bocvastu@fozaz.is
278,du@samzec.al
279,fudohe@vok.gy
280,oc@ced.tt
281,dimdu@jolsuc.mc
282,beh@pogfuur.ky
283,ki@ziv.ck
284,mibfako@epaomizi.fo
285,onewoun@oc.bh
286,utfefe@ha.sz
287,vokhi@iser.cn
288,le@pemjaeno.bf
289,nuha@dobaj.nc
290,sol@ewlodlo.lv
291,ohi@rehu.ro
292,nufifek@ej.tm
293,gepfu@vumu.pl
294,carhuih@ajemoav.mc
295,ubakik@jem.pl
296,ozjowtu@pudmaf.gm
297,tu@weete.gs
298,ifuni@la.mt
299,wirak@cug.sa
300,tib@be.rw
301,lidozpi@enikipe.kz
302,colozow@mud.ao
303,da@ofe.gu
304,angugu@taepaej.ph
305,kup@mufof.cg
306,egrof@medop.ug
307,emu@wumip.tt
308,zacmowbol@gad.tg
309,igehev@uvfu.tp
310,vu@zuweve.je
311,fohuf@ke.cm
312,koc@gurdutmu.sy
313,ezozewevi@teagra.gs
314,pobkulwu@mabbip.mm
315,zur@no.cw
316,jojemvun@soup.aw
317,wu@alo.dz
318,nesejat@ipve.net
319,so@bikupkuh.gov
320,fica@kalam.bm
321,kazekap@tis.sn
322,melewpu@giffed.us
323,ugejek@kicri.kz
324,tespe@wov.rs
325,je@uwases.ws
326,akke@op.bb
327,osibe@ahwifu.hr
328,ne@me.fo
329,hofwueha@kumvijku.mp
330,kovjaba@lek.dz
331,onodotvo@olihegu.bf
332,pelinha@nuse.ml
333,hiwa@ebvulvu.mx
334,elaluwo@ad.pw
335,bolsow@wozivof.sx
336,hatseh@okeeho.pm
337,suzriz@irpooza.yt
338,tif@buta.ca
339,tupciam@gunizi.vu
340,rudpat@wivivpi.bb
341,ase@rudso.ca
342,haskevfe@tu.na
343,rec@ajomid.vg
344,hu@ve.fm
345,deg@cot.cu
346,hepzu@vin.td
347,wimomi@dajezul.bn
348,elmevok@do.ec
349,jelujfe@cod.ec
350,dewfe@zepkose.bj
351,lisinun@sez.mz
352,weva@tuj.uk
353,javuzki@tuca.uy
354,vi@goozo.hk
355,wacdik@obpifi.im
356,jome@hebtaj.edu
357,ano@gujguf.rw
358,gucco@ruc.sg
359,pojjube@difefli.bq
360,eruga@wob.bg
361,ucogo@cabhud.mc
362,kus@fesdaltis.tf
363,lusoka@jeub.nc
364,sesler@wonwalga.kp
365,le@hiewke.mg
366,rote@pir.sa
367,mof@mugjuv.mv
368,kuekumiz@we.mn
369,daf@kog.kg
370,la@ihezeljom.tw
371,fuvup@lihihli.bt
372,zuh@rok.kp
373,girlunzac@fuhanu.va
374,buparfaj@evpid.ro
375,jauli@wobwuhki.no
376,tuzmusni@edbe.sz
377,cezi@mor.ir
378,fezsepete@vujunog.fi
379,suafo@sagicuvo.my
380,homfuzaz@ho.br
381,riz@jecmalra.ie
382,fan@vevag.gp
383,ma@efwagac.sg
384,cemokez@fodirca.gu
385,uku@omvi.fk
386,olego@vij.uz
387,movlop@bofkear.cu
388,busajjuz@imajuv.fk
389,puped@sugli.ls
390,adelibal@ipiiw.ug
391,winol@wugpij.aq
392,mezobpig@co.gy
393,boudzu@zeke.be
394,odi@apiomeni.pw
395,tew@ukirodlag.do
396,rof@tinzunhul.su
397,dimi@jovleag.bg
398,gow@zewji.gp
399,sasejutor@copfabo.ck
400,widucoh@uzegesi.gt
401,ojpo@ibito.to
402,tevel@ja.ht
403,buzoga@titi.yt
404,uluhev@li.dk
405,kuwehoj@uri.gu
406,me@poelitul.ca
407,si@jotam.es
408,hud@elpi.vu
409,sarheh@sozlev.sc
410,po@te.bm
411,kige@ihejos.pw
412,odoc@jenhe.lc
413,bace@jufubha.cg
414,jadowvel@egnu.pr
415,kaitura@nahponob.az
416,wipo@ulizus.bs
417,suhagi@hez.et
418,ku@ci.lt
419,coafo@renci.vi
420,kejid@nec.er
421,wokovo@devan.io
422,bocem@muk.al
423,ge@ja.cu
424,arzis@vajabo.eg
425,eh@suzanuwu.org
426,sef@wic.py
427,ohrok@govur.jm
428,wer@moz.lc
429,jo@to.gg
430,vi@bel.th
431,zeflipog@ok.ge
432,ka@tisdowi.bi
433,ki@nifwup.pe
434,ninca@napgodoc.eu
435,tanis@vikzimzog.qa
436,zeb@co.mz
437,ju@sozag.su
438,in@ecaigoti.cg
439,kocdab@ba.af
440,oze@mauloifa.ni
441,zilota@enaazu.lt
442,wefpifgo@alo.gy
443,miv@timi.mo
444,salvok@pu.br
445,esdi@dokjev.ax
446,otpi@zukcos.sb
447,durwejzub@dez.al
448,wasotvo@bavmubsi.sy
449,mosrigziw@ha.yt
450,ihe@ekpek.il
451,zawlo@kawzo.kh
452,mifotah@kieg.mn
453,cib@lifu.in
454,ranrewcer@vo.cg
455,bakuziwu@ibi.gs
456,bim@mibtoviwu.sk
457,enmelo@karkapovi.fm
458,efbewum@karni.bh
459,censo@bu.na
460,fem@pilar.cc
461,lalauj@ebuazi.lb
462,cut@garsogim.in
463,nizvun@kiji.lb
464,tiphokwob@bekus.at
465,putbonag@uma.ma
466,buz@asev.mx
467,jek@efepoc.mc
468,sakli@tewnel.sa
469,efopag@puf.bg
470,kek@adu.gm
471,tepizwim@tozicic.mr
472,iwota@lotowuh.fr
473,nijvul@ihvup.bf
474,efgu@wiziseef.bt
475,do@ugumumu.mr
476,te@omfehuf.sh
477,betfek@jitgo.zm
478,dec@vebtugvew.nc
479,nasfehej@ivupusa.cf
480,vecfios@dagupice.mg
481,tuwimu@we.me
482,vamsisos@libuzu.sx
483,jeknanad@gotlo.lv
484,owoop@tugosan.tt
485,evkalle@nomum.th
486,vafazraj@aze.im
487,losut@zuwkav.ye
488,fu@ar.af
489,kovoap@tejulear.yt
490,puapi@raclur.mm
491,uh@rojuwo.mm
492,apzipjaw@bamus.bb
493,wi@sehobco.cu
494,kidmoika@bocvov.pa
495,ozzacu@bir.vu
496,zuv@tu.cg
497,awoafu@ahaovkuz.gm
498,lohedsol@ka.er
499,osmakir@top.sg
500,ezpemfo@bemil.mt
501,ij@pe.gb
502,daiwu@seopsek.mq
503,fugetin@te.jo
504,fehomi@jocogej.im
505,gifzoco@uv.wf
506,huesbik@homif.er
507,pufarikoc@cuudta.me
508,nofupgih@ejeankik.jp
509,def@gemojha.yt
510,hot@jeljahjo.org
511,wicegno@fihwe.dm
512,feabe@jogtej.bs
513,zic@rapotel.by
514,sugluzvab@ufi.cc
515,jivaru@rupopupi.nc
516,kug@ude.lc
517,jempu@haluw.gl
518,gewkoc@mipe.nz
519,ga@datmuku.cm
520,fo@padulutuh.to
521,fiwahlu@ebi.gr
522,le@ifzesak.hm
523,buru@vetalvab.cz
524,lik@wozu.pt
525,za@mairepo.pl
526,zudzuj@dav.co
527,naheab@febnenhi.rs
528,vobavmit@geajiri.la
529,vaj@hus.ga
530,konamepub@rob.nc
531,jo@saho.cz
532,kazre@senkosda.tr
533,uju@vag.ba
534,anmoiz@komnojwup.tg
535,wisoac@momev.af
536,ajehi@cec.uy
537,wa@ozisuvu.mq
538,so@dulebife.vn
539,ro@ne.bj
540,ucwefuc@jer.jo
541,kespeh@sid.pm
542,amusned@geepaek.jo
543,fuhpipem@bovu.sa
544,puhudkew@igki.pf
545,racnoh@dunoabo.fj
546,pokail@juuho.kn
547,no@habus.ki
548,il@muh.gd
549,fa@da.gg
550,daw@betide.nu
551,gek@suhuh.pn
552,la@ihu.bw
553,jokmeb@tuvuk.so
554,ru@vub.ba
555,vubres@lituzze.an
556,la@vazigi.ni
557,en@fo.lr
558,kul@li.io
559,heevmi@hu.as
560,idesogon@tos.cu
561,tijtof@simedhit.ck
562,hegeami@hasjuha.iq
563,gom@gauco.cy
564,tirul@od.pf
565,mej@keb.li
566,wu@jih.ls
567,ve@uwa.tc
568,la@ahuc.tz
569,ruderjad@ula.li
570,tasu@ja.se
571,pi@gosapup.bh
572,esecjef@jopihif.gd
573,pogdacpo@caheje.ie
574,dieroca@one.fk
575,uro@oha.aq
576,maj@hav.pr
577,hiaki@ilsawbic.jp
578,ethiho@kahujaw.ms
579,zodav@mowdevobu.bm
580,weejuc@zuvomab.fi
581,ade@jawtaf.lt
582,pan@do.mv
583,gu@mob.zw
584,soz@eze.tr
585,ewota@kefcugli.ad
586,vikios@nat.qa
587,guvik@hub.br
588,kalonru@pafkueze.bo
589,linrug@gevik.br
590,gaw@pudiwme.tz
591,kujcefzi@ozohuliv.is
592,funuju@kago.gm
593,kufhili@lefuh.cx
594,roaj@hu.vu
595,curve@bizvel.pw
596,upu@kam.tr
597,nichaz@rac.mx
598,wugig@uvauhaima.ax
599,ibe@avitel.st
600,le@nuoskeh.as
601,je@tiserdis.gf
602,ukeibuvek@kiki.net
603,kamride@hih.ve
604,haonabon@oblaze.de
605,bos@adet.pl
606,ukifet@oriri.py
607,azkiro@kudcegec.km
608,ma@zipno.gov
609,pod@cemuw.dm
610,nus@suces.rw
611,conhe@cok.tk
612,tenwigud@lologrid.sg
613,anopuig@elelata.se
614,jep@diw.sj
615,pefehsas@wevajfa.am
616,tapi@ef.lv
617,nehwemi@cojoruj.lt
618,rilu@vi.no
619,kokecago@ekal.fo
620,nuw@ug.vn
621,miku@hafmud.ai
622,zub@ebopukki.se
623,cur@opwub.mv
624,boam@vohac.ne
625,in@low.br
626,paneti@sapvuzep.it
627,powarzip@aziol.ca
628,ekba@matuw.za
629,sotod@jab.gf
630,sewhivis@cij.si
631,nuk@cuthotcel.bw
632,ruh@se.td
633,to@wat.bi
634,mo@hih.ee
635,zos@nisow.lk
636,vuar@zobzu.gn
637,catefji@budviviv.bf
638,nessiwod@sihi.hk
639,nu@iwcot.co.uk
640,boubijek@fufihu.ge
641,jowus@bemi.pw
642,diloso@de.me
643,fodcon@sur.sg
644,mud@di.kw
645,cepeter@dorauz.de
646,hi@juk.do
647,ujtaeho@totuje.gs
648,ke@teufser.dj
649,es@harcaktej.co.uk
650,raz@ezoti.mc
651,hiw@arohezapa.ie
652,ara@rugham.cf
653,co@nudnemo.zw
654,zuno@fi.gs
655,uzikim@magsiz.va
656,vazuf@ma.il
657,hojen@nihe.tw
658,ihocainu@kevatju.pt
659,ferimab@ebbifji.ro
660,boos@wazam.kz
661,vevjidji@zojoh.ws
662,cesa@cuzespe.tl
663,wowe@batguvez.ws
664,murnonsit@orivi.io
665,ruhwur@sefjavgiv.tv
666,sa@pute.pe
667,ivomukewo@je.gg
668,hika@irveco.mn
669,zaf@uznufaz.ca
670,cu@meloles.ie
671,bop@feraspa.dk
672,ic@uwkifvok.sr
673,getheaw@tikgid.la
674,waskoot@ca.io
675,sa@gofwet.py
676,pimebdop@hub.pk
677,bekwi@pimiun.bq
678,luajiwig@di.io
679,ciku@nihud.pe
680,sihi@edfoztan.sy
681,ivjeni@fuzgilo.pr
682,vic@eno.fk
683,orihi@rasi.uz
684,pokavem@bag.aq
685,ejajdep@edsud.pf
686,su@juvtitu.uy
687,cug@camso.bv
688,ki@voz.gu
689,ca@we.km
690,vi@mocod.bm
691,urujaw@uja.uz
692,or@epi.es
693,tidoube@tonuliwi.an
694,ehu@burzerri.je
695,fehreza@uzru.cl
696,eveto@omugupi.ga
697,puhbat@hicif.au
698,tewufam@at.et
699,gehkanev@tevsuuw.gi
700,evisakot@ifepop.ws
701,vo@vo.sx
702,mupifeb@tofigapa.np
703,rifontoz@pahod.mw
704,hostekas@acbi.ai
705,nakeripes@evuvebma.ms
706,lajariawi@ruj.my
707,uszagri@ifefojwo.kw
708,siveja@ufucigeg.hm
709,zotka@wabbegof.vn
710,eni@wacigeko.eg
711,gowuwneg@osaumpa.er
712,vuakiar@oftet.co.uk
713,hejmabu@rov.al
714,tujget@cecpih.lu
715,be@nuk.ba
716,eso@aja.et
717,gowjubji@umefe.rw
718,daila@uftihzev.ca
719,wu@reli.nf
720,fabuos@inofu.re
721,jobsog@ve.mh
722,ovranne@wajim.sv
723,ide@bah.to
724,boznukbo@rasenen.pg
725,rup@bagevho.sl
726,matjas@duki.nz
727,vaob@fec.bg
728,itbabnu@was.ac
729,emowan@epi.ki
730,nianga@uksazu.cw
731,caotohuj@ida.et
732,namranwin@igousmap.gl
733,ruoc@ahguju.so
734,pac@do.cr
735,ewamovi@janwer.tr
736,jofitre@laepu.cv
737,wic@wim.vu
738,secessup@hokug.mt
739,tora@pognikaj.pf
740,uda@gowumcaw.nu
741,weswejga@wekajzas.cf
742,neherjak@cu.sz
743,goada@elegih.tk
744,wavenazu@niam.co.uk
745,gajkuenu@vowaedi.cm
746,osebudkad@avoopibag.hu
747,was@fida.tt
748,veanovu@wibe.mo
749,bomfajgiz@uta.tm
750,di@anobwo.ma
751,fiduccaw@uzo.sj
752,tewer@gojra.tw
753,ofe@matdop.gh
754,ucvo@cahof.mk
755,feri@usu.mr
756,ru@ro.kw
757,ecirizu@ajecun.bz
758,lidefpe@osfiv.ac
759,mez@ita.st
760,fezago@rafawsi.cm
761,ca@bahoszo.gi
762,nujzucer@fo.au
763,bohhuoza@din.tm
764,vaoh@me.an
765,hazot@vuc.cf
766,bijec@siwbuzla.jp
767,wecom@icgiw.ly
768,woved@ise.sj
769,ipkuzo@fokus.pm
770,rac@ekigovad.mq
771,vumpajhaf@ru.sy
772,puad@vek.kh
773,ecu@heman.br
774,ehowe@hol.gq
775,ne@jusho.bq
776,buvoh@meddownef.er
777,va@ezo.fo
778,fiwis@woksaer.mr
779,remuk@juzbuve.as
780,pihfeg@imi.mm
781,ke@ibmot.rs
782,bug@gazkar.gn
783,inma@tit.at
784,soavdu@ha.sa
785,ulebif@aku.se
786,geronkan@hal.cn
787,unife@lic.sk
788,sit@fiape.yt
789,arigu@iw.yt
790,cug@luapabok.co
791,igifu@difzo.uk
792,taito@joncepug.jp
793,forjuzzoj@homitu.hm
794,ne@tu.bb
795,gabvi@toka.mw
796,peemila@ifetita.ae
797,ebelus@uf.fo
798,cu@go.nz
799,hulboap@ebdu.ga
800,kesbivnus@osatirpig.ve
801,re@ivso.gp
802,gumhiros@du.ao
803,enson@valsifli.kz
804,wo@afagozes.bj
805,idjomar@sejil.ao
806,fade@kacmianu.iq
807,viwdinfuc@bir.ir
808,ko@evjewpiv.ug
809,ru@rodfe.kw
810,rateso@jufoj.io
811,kej@gojuvze.us
812,diore@ej.kh
813,coji@kuk.bq
814,ripu@pab.ly
815,ef@me.am
816,wur@so.in
817,bewoje@cafotmo.pg
818,ecotaih@va.er
819,numahfi@ivo.sb
820,pu@sizig.gh
821,nagtikro@fu.ss
822,ci@gunabef.om
823,warpe@uge.do
824,tivku@towopon.ss
825,asaifi@ev.cv
826,uv@tierabuv.gp
827,ditfo@raicku.mq
828,mekdi@rahzocu.ck
829,vobfanip@jajo.jm
830,poh@jon.sm
831,gazhu@iluggo.bv
832,jacwidkej@mesja.gb
833,cakkah@luggah.mk
834,afeb@levegoke.ng
835,hihufiw@tuvapaz.mk
836,puseja@aw.bn
837,faw@kutad.zm
838,nolkiso@duf.mc
839,ameb@taviligu.as
840,for@ni.gw
841,bamor@umiicizud.io
842,bebsaso@lo.pg
843,dir@ahufa.mm
844,jies@jalpulce.sv
845,de@fapisoha.sj
846,at@jovacval.tr
847,teg@epujed.ky
848,atmodi@lerlepu.nu
849,jojmami@dazecseh.at
850,hedekwu@madwebo.yt
851,enejbup@zuc.jp
852,jahvusaz@dabu.gl
853,cowug@gunsudab.hm
854,nu@zu.by
855,pi@era.an
856,as@mu.ke
857,ino@ara.aq
858,acaiwa@su.cr
859,giwgo@kesef.kh
860,homge@gi.su
861,subza@hodbumte.mc
862,rumefhi@detilko.ve
863,pizoz@susubi.mm
864,gupev@cip.nc
865,zewos@ri.ni
866,pobi@ca.ky
867,cegob@kavjonu.hn
868,antu@tik.pt
869,luile@mahjatdu.kw
870,zewza@toc.kh
871,gal@fuhgudve.mq
872,wabewbaj@odohi.pt
873,ala@izro.nu
874,he@tusa.tr
875,he@dev.gh
876,kalu@nac.cf
877,nura@fidciv.hu
878,kusihdih@fasduj.ua
879,wew@fodles.bf
880,jo@boefe.no
881,mo@ittevi.gi
882,wunrahzew@dutceril.vc
883,edorir@umofa.ru
884,mo@jicavov.ci
885,lelig@jaze.za
886,ok@fiskackic.nu
887,wece@ko.eh
888,riuzaiti@mesjive.cc
889,lutewuvu@zejlubo.bf
890,sivhafaj@bufkuod.hu
891,hidmagte@dafacu.ck
892,gike@etmaksod.mw
893,fueruuhe@ajbeghir.ni
894,divtejun@he.mx
895,oh@uma.pn
896,rezmojune@jinmebuf.mq
897,owcocli@jamjoure.cz
898,nokupotuw@resiku.mw
899,kosah@gasur.eu
900,jo@losfu.hn
901,fuflev@far.kn
902,uvo@hebbed.cm
903,adrapake@ke.cr
904,izoibrav@irutluk.al
905,nufrag@ar.ly
906,awufushu@tavebo.de
907,lewajos@jeadi.io
908,sujdocus@jo.to
909,ove@zeas.pa
910,eni@sezga.am
911,heforga@hitzip.ai
912,zuhannod@dasugi.se
913,idezucu@igeza.tn
914,nuosu@malohe.sc
915,dak@ce.fi
916,buv@muw.uk
917,ka@epcugto.sj
918,sev@biwen.dk
919,arid@wiv.re
920,hoplejet@orokle.cy
921,cupeg@vakpudu.gd
922,gohuwiki@ok.re
923,jiuvi@kocva.er
924,niutu@obritot.ne
925,wefutoj@sir.dj
926,pudki@opcefo.yt
927,fuwoppi@adefi.et
928,gug@nupwidob.cw
929,liavi@la.eg
930,vakve@mejeneta.vc
931,koz@kazehuaso.tg
932,ze@la.mh
933,ectep@janala.vi
934,mud@dah.mr
935,ifzad@lugelag.km
936,dopkohu@ka.mk
937,fe@ogited.kz
938,zuj@mujtonde.mr
939,fa@guzece.br
940,muhis@pituat.sy
941,enifo@epagusrud.lt
942,sukpecna@ecbozi.gov
943,ucoikece@eppor.kn
944,pilsu@tawojat.tv
945,evuid@oceov.sv
946,iwo@tuvozmuf.is
947,uw@le.ne
948,bolonro@diwertu.org
949,kire@eftanuh.va
950,cinoj@reega.sx
951,kaj@da.za
952,ahimu@kummo.cz
953,ahiugi@da.mq
954,lupdumig@hial.ng
955,cigraz@foden.mh
956,futebe@vec.gp
957,epavan@esjadser.am
958,tadizki@la.no
959,pevpibvi@hucjop.sm
960,ovicehu@et.mh
961,odikele@avola.ca
962,em@opavuwned.pw
963,imoca@ot.af
964,vadlos@bogub.cu
965,nula@ji.gm
966,fopop@aljod.nf
967,rilkub@win.mm
968,soletjed@ivime.wf
969,hil@tohfuf.mp
970,hufatawe@nis.aq
971,fite@sid.lc
972,hum@jup.yt
973,fejoc@ritisak.pt
974,towvali@gec.zw
975,akgu@vohewef.sl
976,datepih@rouhupib.hr
977,tetevli@esozo.tl
978,gastop@fud.id
979,zu@ehe.tl
980,lugamja@malkew.pr
981,azmempek@tu.mx
982,keowuod@om.uz
983,la@ehu.li
984,segbok@roubfic.eg
985,juvimoto@lenatner.pw
986,has@hanir.ls
987,wi@jopodaona.cr
988,vehanaji@suca.pk
989,fipeg@tur.ye
990,fejuc@diclunuw.fm
991,ga@sa.za
992,tepe@zahosso.sz
993,nih@pivgomfot.tf
994,avhuoz@af.mg
995,fobkicep@ip.me
996,vejka@ru.dz
997,rosohwe@tiwobo.an
998,bok@soznuki.ws
999,irkirciv@kola.mc
1000,tubfulom@utu.ms
